library,folder,file,path,category,confidence,reason,source_status,source_path,zwcad_insert_status,effective_name,handle,action_recommendation
HS-CAD-ALL,annotation_symbol,01420DDOT01.dwg,C:\xicad\xiLib\심볼\HS-CAD-ALL\annotation_symbol\01420DDOT01.dwg,annotation_symbol,0.78,symbol/name,from_drawing_definition,generated\xicad_symbols_staging\all_drawings\converted_dxf\hwamok_0526\hwamok_0526.dxf,inserted,01420DDOT01,44E,ready
HS-CAD-ALL,annotation_symbol,DO1.dwg,C:\xicad\xiLib\심볼\HS-CAD-ALL\annotation_symbol\DO1.dwg,annotation_symbol,0.54,circle_dominant_geometry,from_drawing_definition,generated\xicad_symbols_staging\all_drawings\converted_dxf\hwamok_0526\hwamok_0526.dxf,inserted,DO1,457,ready
HS-CAD-ALL,annotation_symbol,ZW$3385.dwg,C:\xicad\xiLib\심볼\HS-CAD-ALL\annotation_symbol\ZW$3385.dwg,annotation_symbol,0.64,mostly_text_geometry,from_drawing_definition,generated\xicad_symbols_staging\all_drawings\converted_dxf\hwamok_0526\hwamok_0526.dxf,inserted,ZW$3385,45E,ready
HS-CAD-ALL,annotation_symbol,ZW$4CE7.dwg,C:\xicad\xiLib\심볼\HS-CAD-ALL\annotation_symbol\ZW$4CE7.dwg,annotation_symbol,0.64,mostly_text_geometry,from_drawing_definition,generated\xicad_symbols_staging\all_drawings\converted_dxf\hwamok_0526\hwamok_0526.dxf,inserted,ZW$4CE7,466,ready
HS-CAD-ALL,annotation_symbol,ZW$PASTETMP0.dwg,C:\xicad\xiLib\심볼\HS-CAD-ALL\annotation_symbol\ZW$PASTETMP0.dwg,annotation_symbol,0.64,mostly_text_geometry,from_drawing_definition,generated\xicad_symbols_staging\all_drawings\converted_dxf\hwamok_0526\hwamok_0526.dxf,inserted,ZW$PASTETMP0,46C,ready
HS-CAD-ALL,annotation_symbol,대지.dwg,C:\xicad\xiLib\심볼\HS-CAD-ALL\annotation_symbol\대지.dwg,annotation_symbol,0.64,mostly_text_geometry,from_drawing_definition,generated\xicad_symbols_staging\all_drawings\converted_dxf\hwamok_0526\hwamok_0526.dxf,inserted,대지,53F,ready
HS-CAD-ALL,annotation_symbol,명지동 3259-6.dwg,C:\xicad\xiLib\심볼\HS-CAD-ALL\annotation_symbol\명지동 3259-6.dwg,annotation_symbol,0.64,mostly_text_geometry,from_drawing_definition,generated\xicad_symbols_staging\all_drawings\converted_dxf\hwamok_0526\hwamok_0526.dxf,inserted,명지동 3259-6,556,ready
HS-CAD-ALL,door,06-A31- 001~ 신관동 평면도$0$큐비클문.dwg,C:\xicad\xiLib\심볼\HS-CAD-ALL\door\06-A31- 001~ 신관동 평면도$0$큐비클문.dwg,door,0.82,door/name,from_drawing_definition,generated\xicad_symbols_staging\all_drawings\converted_dxf\hwamok_0526\hwamok_0526.dxf,inserted,06-A31- 001~ 신관동 평면도$0$큐비클문,5A1,ready
HS-CAD-ALL,door,LA-MA-009-D-P.dwg,C:\xicad\xiLib\심볼\HS-CAD-ALL\door\LA-MA-009-D-P.dwg,door,0.82,door/name,from_drawing_definition,generated\xicad_symbols_staging\all_drawings\converted_dxf\hwamok_0526\hwamok_0526.dxf,inserted,LA-MA-009-D-P,5A8,ready
HS-CAD-ALL,door_or_fixture,080.dwg,C:\xicad\xiLib\심볼\HS-CAD-ALL\door_or_fixture\080.dwg,door_or_fixture,0.58,arc_and_line_geometry,from_drawing_definition,generated\xicad_symbols_staging\all_drawings\converted_dxf\hwamok_0526\hwamok_0526.dxf,inserted,080,624,ready
HS-CAD-ALL,door_or_fixture,35SFGH.dwg,C:\xicad\xiLib\심볼\HS-CAD-ALL\door_or_fixture\35SFGH.dwg,door_or_fixture,0.58,arc_and_line_geometry,from_drawing_definition,generated\xicad_symbols_staging\all_drawings\converted_dxf\hwamok_0526\hwamok_0526.dxf,inserted,35SFGH,701,ready
HS-CAD-ALL,door_or_fixture,AID-INTERIORFINISHDETAIL$0$SC25.dwg,C:\xicad\xiLib\심볼\HS-CAD-ALL\door_or_fixture\AID-INTERIORFINISHDETAIL$0$SC25.dwg,door_or_fixture,0.58,arc_and_line_geometry,from_drawing_definition,generated\xicad_symbols_staging\all_drawings\converted_dxf\hwamok_0526\hwamok_0526.dxf,inserted,AID-INTERIORFINISHDETAIL$0$SC25,728,ready
HS-CAD-ALL,door_or_fixture,DAELIM_FÜLEN 3000.dwg,C:\xicad\xiLib\심볼\HS-CAD-ALL\door_or_fixture\DAELIM_FÜLEN 3000.dwg,door_or_fixture,0.58,arc_and_line_geometry,from_drawing_definition,generated\xicad_symbols_staging\all_drawings\converted_dxf\hwamok_0526\hwamok_0526.dxf,inserted,DAELIM_FÜLEN 3000,763,ready
HS-CAD-ALL,door_or_fixture,DL-S3220_DAELIM-T.dwg,C:\xicad\xiLib\심볼\HS-CAD-ALL\door_or_fixture\DL-S3220_DAELIM-T.dwg,door_or_fixture,0.58,arc_and_line_geometry,from_drawing_definition,generated\xicad_symbols_staging\all_drawings\converted_dxf\hwamok_0526\hwamok_0526.dxf,inserted,DL-S3220_DAELIM-T,BA0,ready
HS-CAD-ALL,door_or_fixture,DSI-C007.dwg,C:\xicad\xiLib\심볼\HS-CAD-ALL\door_or_fixture\DSI-C007.dwg,door_or_fixture,0.58,arc_and_line_geometry,from_drawing_definition,generated\xicad_symbols_staging\all_drawings\converted_dxf\hwamok_0526\hwamok_0526.dxf,inserted,DSI-C007,C7A,ready
HS-CAD-ALL,door_or_fixture,F-610.dwg,C:\xicad\xiLib\심볼\HS-CAD-ALL\door_or_fixture\F-610.dwg,door_or_fixture,0.58,arc_and_line_geometry,from_drawing_definition,generated\xicad_symbols_staging\all_drawings\converted_dxf\hwamok_0526\hwamok_0526.dxf,inserted,F-610,CB2,ready
HS-CAD-ALL,door_or_fixture,사이드힌지.dwg,C:\xicad\xiLib\심볼\HS-CAD-ALL\door_or_fixture\사이드힌지.dwg,door_or_fixture,0.58,arc_and_line_geometry,from_drawing_definition,generated\xicad_symbols_staging\all_drawings\converted_dxf\hwamok_0526\hwamok_0526.dxf,inserted,사이드힌지,D2B,ready
HS-CAD-ALL,door_or_fixture,센터힌지.dwg,C:\xicad\xiLib\심볼\HS-CAD-ALL\door_or_fixture\센터힌지.dwg,door_or_fixture,0.58,arc_and_line_geometry,from_drawing_definition,generated\xicad_symbols_staging\all_drawings\converted_dxf\hwamok_0526\hwamok_0526.dxf,inserted,센터힌지,DB8,ready
HS-CAD-ALL,general_symbol,100X50.dwg,C:\xicad\xiLib\심볼\HS-CAD-ALL\general_symbol\100X50.dwg,general_symbol,0.42,fallback,from_drawing_definition,generated\xicad_symbols_staging\all_drawings\converted_dxf\hwamok_0526\hwamok_0526.dxf,inserted,100X50,DC6,ready
HS-CAD-ALL,general_symbol,MC2.dwg,C:\xicad\xiLib\심볼\HS-CAD-ALL\general_symbol\MC2.dwg,general_symbol,0.42,fallback,from_drawing_definition,generated\xicad_symbols_staging\all_drawings\converted_dxf\hwamok_0526\hwamok_0526.dxf,inserted,MC2,DCC,ready
HS-CAD-ALL,general_symbol,X-PLAN$0$X-PLAN$0$Z_101.dwg,C:\xicad\xiLib\심볼\HS-CAD-ALL\general_symbol\X-PLAN$0$X-PLAN$0$Z_101.dwg,general_symbol,0.42,fallback,from_drawing_definition,generated\xicad_symbols_staging\all_drawings\converted_dxf\hwamok_0526\hwamok_0526.dxf,inserted,X-PLAN$0$X-PLAN$0$Z_101,DF8,ready
HS-CAD-ALL,general_symbol,ZW$6281.dwg,C:\xicad\xiLib\심볼\HS-CAD-ALL\general_symbol\ZW$6281.dwg,general_symbol,0.42,fallback,from_drawing_definition,generated\xicad_symbols_staging\all_drawings\converted_dxf\hwamok_0526\hwamok_0526.dxf,inserted,ZW$6281,E12,ready
HS-CAD-ALL,general_symbol,ZW$7E6A.dwg,C:\xicad\xiLib\심볼\HS-CAD-ALL\general_symbol\ZW$7E6A.dwg,general_symbol,0.42,fallback,from_drawing_definition,generated\xicad_symbols_staging\all_drawings\converted_dxf\hwamok_0526\hwamok_0526.dxf,inserted,ZW$7E6A,F9C,ready
HS-CAD-ALL,general_symbol,ZW$D243.dwg,C:\xicad\xiLib\심볼\HS-CAD-ALL\general_symbol\ZW$D243.dwg,general_symbol,0.42,fallback,from_drawing_definition,generated\xicad_symbols_staging\all_drawings\converted_dxf\hwamok_0526\hwamok_0526.dxf,inserted,ZW$D243,FB5,ready
HS-CAD-ALL,general_symbol,ZW$DA75.dwg,C:\xicad\xiLib\심볼\HS-CAD-ALL\general_symbol\ZW$DA75.dwg,general_symbol,0.42,fallback,from_drawing_definition,generated\xicad_symbols_staging\all_drawings\converted_dxf\hwamok_0526\hwamok_0526.dxf,inserted,ZW$DA75,FC9,ready
HS-CAD-ALL,general_symbol,ZW$E9A1.dwg,C:\xicad\xiLib\심볼\HS-CAD-ALL\general_symbol\ZW$E9A1.dwg,general_symbol,0.42,fallback,from_drawing_definition,generated\xicad_symbols_staging\all_drawings\converted_dxf\hwamok_0526\hwamok_0526.dxf,inserted,ZW$E9A1,FD1,ready
HS-CAD-ALL,general_symbol,ZW$F610.dwg,C:\xicad\xiLib\심볼\HS-CAD-ALL\general_symbol\ZW$F610.dwg,general_symbol,0.42,fallback,from_drawing_definition,generated\xicad_symbols_staging\all_drawings\converted_dxf\hwamok_0526\hwamok_0526.dxf,inserted,ZW$F610,1011,ready
HS-CAD-ALL,general_symbol,레벨표.dwg,C:\xicad\xiLib\심볼\HS-CAD-ALL\general_symbol\레벨표.dwg,general_symbol,0.42,fallback,from_drawing_definition,generated\xicad_symbols_staging\all_drawings\converted_dxf\hwamok_0526\hwamok_0526.dxf,inserted,레벨표,1016,ready
HS-CAD-ALL,general_symbol,롤방충망설치.dwg,C:\xicad\xiLib\심볼\HS-CAD-ALL\general_symbol\롤방충망설치.dwg,general_symbol,0.42,fallback,from_drawing_definition,generated\xicad_symbols_staging\all_drawings\converted_dxf\hwamok_0526\hwamok_0526.dxf,inserted,롤방충망설치,101D,ready
HS-CAD-ALL,general_symbol,방위표.dwg,C:\xicad\xiLib\심볼\HS-CAD-ALL\general_symbol\방위표.dwg,general_symbol,0.42,fallback,from_drawing_definition,generated\xicad_symbols_staging\all_drawings\converted_dxf\hwamok_0526\hwamok_0526.dxf,inserted,방위표,103B,ready
HS-CAD-ALL,general_symbol,약도.dwg,C:\xicad\xiLib\심볼\HS-CAD-ALL\general_symbol\약도.dwg,general_symbol,0.42,fallback,from_drawing_definition,generated\xicad_symbols_staging\all_drawings\converted_dxf\hwamok_0526\hwamok_0526.dxf,inserted,약도,104D,ready
HS-CAD-ALL,general_symbol,화살표_동적.dwg,C:\xicad\xiLib\심볼\HS-CAD-ALL\general_symbol\화살표_동적.dwg,general_symbol,0.42,fallback,from_drawing_definition,generated\xicad_symbols_staging\all_drawings\converted_dxf\hwamok_0526\hwamok_0526.dxf,inserted,화살표_동적,1054,ready
HS-CAD-ALL,material,부위별단열설치계획표.dwg,C:\xicad\xiLib\심볼\HS-CAD-ALL\material\부위별단열설치계획표.dwg,material,0.72,material/name,from_drawing_definition,generated\xicad_symbols_staging\all_drawings\converted_dxf\hwamok_0526\hwamok_0526.dxf,inserted,부위별단열설치계획표,1080,ready
HS-CAD-ALL,sanitary,06-A31- 001~ 신관동 평면도$0$대변기.dwg,C:\xicad\xiLib\심볼\HS-CAD-ALL\sanitary\06-A31- 001~ 신관동 평면도$0$대변기.dwg,sanitary,0.86,sanitary/name,from_drawing_definition,generated\xicad_symbols_staging\all_drawings\converted_dxf\hwamok_0526\hwamok_0526.dxf,inserted,06-A31- 001~ 신관동 평면도$0$대변기,10AD,ready
HS-CAD-ALL,structure,HEADED_HT_BOLT-HEAD-M20.dwg,C:\xicad\xiLib\심볼\HS-CAD-ALL\structure\HEADED_HT_BOLT-HEAD-M20.dwg,structure,0.78,structure/name,from_drawing_definition,generated\xicad_symbols_staging\all_drawings\converted_dxf\hwamok_0526\hwamok_0526.dxf,inserted,HEADED_HT_BOLT-HEAD-M20,10BC,ready
HS-CAD-ALL,structure,HEADED_HT_BOLT-PLAN-M20F10T.dwg,C:\xicad\xiLib\심볼\HS-CAD-ALL\structure\HEADED_HT_BOLT-PLAN-M20F10T.dwg,structure,0.78,structure/name,from_drawing_definition,generated\xicad_symbols_staging\all_drawings\converted_dxf\hwamok_0526\hwamok_0526.dxf,inserted,HEADED_HT_BOLT-PLAN-M20F10T,10CA,ready
HS-CAD-ALL,structure,HEADED_HT_BOLT-TAIL-M20.dwg,C:\xicad\xiLib\심볼\HS-CAD-ALL\structure\HEADED_HT_BOLT-TAIL-M20.dwg,structure,0.78,structure/name,from_drawing_definition,generated\xicad_symbols_staging\all_drawings\converted_dxf\hwamok_0526\hwamok_0526.dxf,inserted,HEADED_HT_BOLT-TAIL-M20,10E0,ready
HS-CAD-ALL,title_sheet,도곽SVS.dwg,C:\xicad\xiLib\심볼\HS-CAD-ALL\title_sheet\도곽SVS.dwg,title_sheet,0.94,title/name,from_drawing_definition,generated\xicad_symbols_staging\all_drawings\converted_dxf\hwamok_0526\hwamok_0526.dxf,inserted,도곽SVS,10E3,ready
HS-CAD-ALL,title_sheet,인허가용도곽.dwg,C:\xicad\xiLib\심볼\HS-CAD-ALL\title_sheet\인허가용도곽.dwg,title_sheet,0.94,title/name,from_drawing_definition,generated\xicad_symbols_staging\all_drawings\converted_dxf\hwamok_0526\hwamok_0526.dxf,inserted,인허가용도곽,10E8,ready
HS-CAD-ALL,window_or_linear_symbol,BRF_25.dwg,C:\xicad\xiLib\심볼\HS-CAD-ALL\window_or_linear_symbol\BRF_25.dwg,window_or_linear_symbol,0.56,long_rectilinear_geometry,from_drawing_definition,generated\xicad_symbols_staging\all_drawings\converted_dxf\hwamok_0526\hwamok_0526.dxf,inserted,BRF_25,123C,ready
HS-CAD-ALL,window_or_linear_symbol,ZW$840A.dwg,C:\xicad\xiLib\심볼\HS-CAD-ALL\window_or_linear_symbol\ZW$840A.dwg,window_or_linear_symbol,0.56,long_rectilinear_geometry,from_drawing_definition,generated\xicad_symbols_staging\all_drawings\converted_dxf\hwamok_0526\hwamok_0526.dxf,inserted,ZW$840A,124B,ready
HS-CAD-XICAD,DOOR_DOOR,06-A31- 001~ 신관동 평면도$0$큐비클문.dwg,C:\xicad\xiLib\심볼\HS-CAD-XICAD\DOOR_DOOR\06-A31- 001~ 신관동 평면도$0$큐비클문.dwg,door,0.82,door/name,from_drawing_definition,generated\xicad_symbols_staging\all_drawings\converted_dxf\hwamok_0526\hwamok_0526.dxf,inserted,06-A31- 001~ 신관동 평면도$0$큐비클문,1292,ready
HS-CAD-XICAD,DOOR_DOOR,080.dwg,C:\xicad\xiLib\심볼\HS-CAD-XICAD\DOOR_DOOR\080.dwg,door_or_fixture,0.58,arc_and_line_geometry,from_drawing_definition,generated\xicad_symbols_staging\all_drawings\converted_dxf\hwamok_0526\hwamok_0526.dxf,inserted,080,1309,ready
HS-CAD-XICAD,DOOR_DOOR,35SFGH.dwg,C:\xicad\xiLib\심볼\HS-CAD-XICAD\DOOR_DOOR\35SFGH.dwg,door_or_fixture,0.58,arc_and_line_geometry,from_drawing_definition,generated\xicad_symbols_staging\all_drawings\converted_dxf\hwamok_0526\hwamok_0526.dxf,inserted,35SFGH,13E3,ready
HS-CAD-XICAD,DOOR_DOOR,AID-INTERIORFINISHDETAIL$0$SC25.dwg,C:\xicad\xiLib\심볼\HS-CAD-XICAD\DOOR_DOOR\AID-INTERIORFINISHDETAIL$0$SC25.dwg,door_or_fixture,0.58,arc_and_line_geometry,from_drawing_definition,generated\xicad_symbols_staging\all_drawings\converted_dxf\hwamok_0526\hwamok_0526.dxf,inserted,AID-INTERIORFINISHDETAIL$0$SC25,1407,ready
HS-CAD-XICAD,DOOR_DOOR,DAELIM_FÜLEN 3000.dwg,C:\xicad\xiLib\심볼\HS-CAD-XICAD\DOOR_DOOR\DAELIM_FÜLEN 3000.dwg,door_or_fixture,0.58,arc_and_line_geometry,from_drawing_definition,generated\xicad_symbols_staging\all_drawings\converted_dxf\hwamok_0526\hwamok_0526.dxf,inserted,DAELIM_FÜLEN 3000,143F,ready
HS-CAD-XICAD,DOOR_DOOR,DL-S3220_DAELIM-T.dwg,C:\xicad\xiLib\심볼\HS-CAD-XICAD\DOOR_DOOR\DL-S3220_DAELIM-T.dwg,door_or_fixture,0.58,arc_and_line_geometry,from_drawing_definition,generated\xicad_symbols_staging\all_drawings\converted_dxf\hwamok_0526\hwamok_0526.dxf,inserted,DL-S3220_DAELIM-T,1878,ready
HS-CAD-XICAD,DOOR_DOOR,DSI-C007.dwg,C:\xicad\xiLib\심볼\HS-CAD-XICAD\DOOR_DOOR\DSI-C007.dwg,door_or_fixture,0.58,arc_and_line_geometry,from_drawing_definition,generated\xicad_symbols_staging\all_drawings\converted_dxf\hwamok_0526\hwamok_0526.dxf,inserted,DSI-C007,194F,ready
HS-CAD-XICAD,DOOR_DOOR,F-610.dwg,C:\xicad\xiLib\심볼\HS-CAD-XICAD\DOOR_DOOR\F-610.dwg,door_or_fixture,0.58,arc_and_line_geometry,from_drawing_definition,generated\xicad_symbols_staging\all_drawings\converted_dxf\hwamok_0526\hwamok_0526.dxf,inserted,F-610,1984,ready
HS-CAD-XICAD,DOOR_DOOR,LA-MA-009-D-P.dwg,C:\xicad\xiLib\심볼\HS-CAD-XICAD\DOOR_DOOR\LA-MA-009-D-P.dwg,door,0.82,door/name,from_drawing_definition,generated\xicad_symbols_staging\all_drawings\converted_dxf\hwamok_0526\hwamok_0526.dxf,inserted,LA-MA-009-D-P,198B,ready
HS-CAD-XICAD,DOOR_DOOR,사이드힌지.dwg,C:\xicad\xiLib\심볼\HS-CAD-XICAD\DOOR_DOOR\사이드힌지.dwg,door_or_fixture,0.58,arc_and_line_geometry,from_drawing_definition,generated\xicad_symbols_staging\all_drawings\converted_dxf\hwamok_0526\hwamok_0526.dxf,inserted,사이드힌지,19FF,ready
HS-CAD-XICAD,DOOR_DOOR,센터힌지.dwg,C:\xicad\xiLib\심볼\HS-CAD-XICAD\DOOR_DOOR\센터힌지.dwg,door_or_fixture,0.58,arc_and_line_geometry,from_drawing_definition,generated\xicad_symbols_staging\all_drawings\converted_dxf\hwamok_0526\hwamok_0526.dxf,inserted,센터힌지,1A87,ready
HS-CAD-XICAD,ETC_SYM,01420DDOT01.dwg,C:\xicad\xiLib\심볼\HS-CAD-XICAD\ETC_SYM\01420DDOT01.dwg,annotation_symbol,0.78,symbol/name,from_drawing_definition,generated\xicad_symbols_staging\all_drawings\converted_dxf\hwamok_0526\hwamok_0526.dxf,inserted,01420DDOT01,1A8B,ready
HS-CAD-XICAD,ETC_SYM,100X50.dwg,C:\xicad\xiLib\심볼\HS-CAD-XICAD\ETC_SYM\100X50.dwg,general_symbol,0.42,fallback,from_drawing_definition,generated\xicad_symbols_staging\all_drawings\converted_dxf\hwamok_0526\hwamok_0526.dxf,inserted,100X50,1A8D,ready
HS-CAD-XICAD,ETC_SYM,DO1.dwg,C:\xicad\xiLib\심볼\HS-CAD-XICAD\ETC_SYM\DO1.dwg,annotation_symbol,0.54,circle_dominant_geometry,from_drawing_definition,generated\xicad_symbols_staging\all_drawings\converted_dxf\hwamok_0526\hwamok_0526.dxf,inserted,DO1,1A92,ready
HS-CAD-XICAD,ETC_SYM,HEADED_HT_BOLT-HEAD-M20.dwg,C:\xicad\xiLib\심볼\HS-CAD-XICAD\ETC_SYM\HEADED_HT_BOLT-HEAD-M20.dwg,structure,0.78,structure/name,from_drawing_definition,generated\xicad_symbols_staging\all_drawings\converted_dxf\hwamok_0526\hwamok_0526.dxf,inserted,HEADED_HT_BOLT-HEAD-M20,1AA0,ready
HS-CAD-XICAD,ETC_SYM,HEADED_HT_BOLT-PLAN-M20F10T.dwg,C:\xicad\xiLib\심볼\HS-CAD-XICAD\ETC_SYM\HEADED_HT_BOLT-PLAN-M20F10T.dwg,structure,0.78,structure/name,from_drawing_definition,generated\xicad_symbols_staging\all_drawings\converted_dxf\hwamok_0526\hwamok_0526.dxf,inserted,HEADED_HT_BOLT-PLAN-M20F10T,1AA9,ready
HS-CAD-XICAD,ETC_SYM,HEADED_HT_BOLT-TAIL-M20.dwg,C:\xicad\xiLib\심볼\HS-CAD-XICAD\ETC_SYM\HEADED_HT_BOLT-TAIL-M20.dwg,structure,0.78,structure/name,from_drawing_definition,generated\xicad_symbols_staging\all_drawings\converted_dxf\hwamok_0526\hwamok_0526.dxf,inserted,HEADED_HT_BOLT-TAIL-M20,1ABF,ready
HS-CAD-XICAD,ETC_SYM,MC2.dwg,C:\xicad\xiLib\심볼\HS-CAD-XICAD\ETC_SYM\MC2.dwg,general_symbol,0.42,fallback,from_drawing_definition,generated\xicad_symbols_staging\all_drawings\converted_dxf\hwamok_0526\hwamok_0526.dxf,inserted,MC2,1AC1,ready
HS-CAD-XICAD,ETC_SYM,X-PLAN$0$X-PLAN$0$Z_101.dwg,C:\xicad\xiLib\심볼\HS-CAD-XICAD\ETC_SYM\X-PLAN$0$X-PLAN$0$Z_101.dwg,general_symbol,0.42,fallback,from_drawing_definition,generated\xicad_symbols_staging\all_drawings\converted_dxf\hwamok_0526\hwamok_0526.dxf,inserted,X-PLAN$0$X-PLAN$0$Z_101,1AEA,ready
HS-CAD-XICAD,ETC_SYM,ZW$3385.dwg,C:\xicad\xiLib\심볼\HS-CAD-XICAD\ETC_SYM\ZW$3385.dwg,annotation_symbol,0.64,mostly_text_geometry,from_drawing_definition,generated\xicad_symbols_staging\all_drawings\converted_dxf\hwamok_0526\hwamok_0526.dxf,inserted,ZW$3385,1AED,ready
HS-CAD-XICAD,ETC_SYM,ZW$4CE7.dwg,C:\xicad\xiLib\심볼\HS-CAD-XICAD\ETC_SYM\ZW$4CE7.dwg,annotation_symbol,0.64,mostly_text_geometry,from_drawing_definition,generated\xicad_symbols_staging\all_drawings\converted_dxf\hwamok_0526\hwamok_0526.dxf,inserted,ZW$4CE7,1AF0,ready
HS-CAD-XICAD,ETC_SYM,ZW$6281.dwg,C:\xicad\xiLib\심볼\HS-CAD-XICAD\ETC_SYM\ZW$6281.dwg,general_symbol,0.42,fallback,from_drawing_definition,generated\xicad_symbols_staging\all_drawings\converted_dxf\hwamok_0526\hwamok_0526.dxf,inserted,ZW$6281,1B06,ready
HS-CAD-XICAD,ETC_SYM,ZW$7E6A.dwg,C:\xicad\xiLib\심볼\HS-CAD-XICAD\ETC_SYM\ZW$7E6A.dwg,general_symbol,0.42,fallback,from_drawing_definition,generated\xicad_symbols_staging\all_drawings\converted_dxf\hwamok_0526\hwamok_0526.dxf,inserted,ZW$7E6A,1B98,ready
HS-CAD-XICAD,ETC_SYM,ZW$D243.dwg,C:\xicad\xiLib\심볼\HS-CAD-XICAD\ETC_SYM\ZW$D243.dwg,general_symbol,0.42,fallback,from_drawing_definition,generated\xicad_symbols_staging\all_drawings\converted_dxf\hwamok_0526\hwamok_0526.dxf,inserted,ZW$D243,1BAE,ready
HS-CAD-XICAD,ETC_SYM,ZW$DA75.dwg,C:\xicad\xiLib\심볼\HS-CAD-XICAD\ETC_SYM\ZW$DA75.dwg,general_symbol,0.42,fallback,from_drawing_definition,generated\xicad_symbols_staging\all_drawings\converted_dxf\hwamok_0526\hwamok_0526.dxf,inserted,ZW$DA75,1BB7,ready
HS-CAD-XICAD,ETC_SYM,ZW$E9A1.dwg,C:\xicad\xiLib\심볼\HS-CAD-XICAD\ETC_SYM\ZW$E9A1.dwg,general_symbol,0.42,fallback,from_drawing_definition,generated\xicad_symbols_staging\all_drawings\converted_dxf\hwamok_0526\hwamok_0526.dxf,inserted,ZW$E9A1,1BBC,ready
HS-CAD-XICAD,ETC_SYM,ZW$F610.dwg,C:\xicad\xiLib\심볼\HS-CAD-XICAD\ETC_SYM\ZW$F610.dwg,general_symbol,0.42,fallback,from_drawing_definition,generated\xicad_symbols_staging\all_drawings\converted_dxf\hwamok_0526\hwamok_0526.dxf,inserted,ZW$F610,1BDA,ready
HS-CAD-XICAD,ETC_SYM,ZW$PASTETMP0.dwg,C:\xicad\xiLib\심볼\HS-CAD-XICAD\ETC_SYM\ZW$PASTETMP0.dwg,annotation_symbol,0.64,mostly_text_geometry,from_drawing_definition,generated\xicad_symbols_staging\all_drawings\converted_dxf\hwamok_0526\hwamok_0526.dxf,inserted,ZW$PASTETMP0,1BDC,ready
HS-CAD-XICAD,ETC_SYM,대지.dwg,C:\xicad\xiLib\심볼\HS-CAD-XICAD\ETC_SYM\대지.dwg,annotation_symbol,0.64,mostly_text_geometry,from_drawing_definition,generated\xicad_symbols_staging\all_drawings\converted_dxf\hwamok_0526\hwamok_0526.dxf,inserted,대지,1CAF,ready
HS-CAD-XICAD,ETC_SYM,도곽SVS.dwg,C:\xicad\xiLib\심볼\HS-CAD-XICAD\ETC_SYM\도곽SVS.dwg,title_sheet,0.94,title/name,from_drawing_definition,generated\xicad_symbols_staging\all_drawings\converted_dxf\hwamok_0526\hwamok_0526.dxf,inserted,도곽SVS,1CB1,ready
HS-CAD-XICAD,ETC_SYM,레벨표.dwg,C:\xicad\xiLib\심볼\HS-CAD-XICAD\ETC_SYM\레벨표.dwg,general_symbol,0.42,fallback,from_drawing_definition,generated\xicad_symbols_staging\all_drawings\converted_dxf\hwamok_0526\hwamok_0526.dxf,inserted,레벨표,1CB6,ready
HS-CAD-XICAD,ETC_SYM,롤방충망설치.dwg,C:\xicad\xiLib\심볼\HS-CAD-XICAD\ETC_SYM\롤방충망설치.dwg,general_symbol,0.42,fallback,from_drawing_definition,generated\xicad_symbols_staging\all_drawings\converted_dxf\hwamok_0526\hwamok_0526.dxf,inserted,롤방충망설치,1CB9,ready
HS-CAD-XICAD,ETC_SYM,명지동 3259-6.dwg,C:\xicad\xiLib\심볼\HS-CAD-XICAD\ETC_SYM\명지동 3259-6.dwg,annotation_symbol,0.64,mostly_text_geometry,from_drawing_definition,generated\xicad_symbols_staging\all_drawings\converted_dxf\hwamok_0526\hwamok_0526.dxf,inserted,명지동 3259-6,1CC9,ready
HS-CAD-XICAD,ETC_SYM,방위표.dwg,C:\xicad\xiLib\심볼\HS-CAD-XICAD\ETC_SYM\방위표.dwg,general_symbol,0.42,fallback,from_drawing_definition,generated\xicad_symbols_staging\all_drawings\converted_dxf\hwamok_0526\hwamok_0526.dxf,inserted,방위표,1CE4,ready
HS-CAD-XICAD,ETC_SYM,약도.dwg,C:\xicad\xiLib\심볼\HS-CAD-XICAD\ETC_SYM\약도.dwg,general_symbol,0.42,fallback,from_drawing_definition,generated\xicad_symbols_staging\all_drawings\converted_dxf\hwamok_0526\hwamok_0526.dxf,inserted,약도,1CF1,ready
HS-CAD-XICAD,ETC_SYM,인허가용도곽.dwg,C:\xicad\xiLib\심볼\HS-CAD-XICAD\ETC_SYM\인허가용도곽.dwg,title_sheet,0.94,title/name,from_drawing_definition,generated\xicad_symbols_staging\all_drawings\converted_dxf\hwamok_0526\hwamok_0526.dxf,inserted,인허가용도곽,1CF3,ready
HS-CAD-XICAD,ETC_SYM,화살표_동적.dwg,C:\xicad\xiLib\심볼\HS-CAD-XICAD\ETC_SYM\화살표_동적.dwg,general_symbol,0.42,fallback,from_drawing_definition,generated\xicad_symbols_staging\all_drawings\converted_dxf\hwamok_0526\hwamok_0526.dxf,inserted,화살표_동적,1CF6,ready
HS-CAD-XICAD,FIX_FIX,06-A31- 001~ 신관동 평면도$0$대변기.dwg,C:\xicad\xiLib\심볼\HS-CAD-XICAD\FIX_FIX\06-A31- 001~ 신관동 평면도$0$대변기.dwg,sanitary,0.86,sanitary/name,from_drawing_definition,generated\xicad_symbols_staging\all_drawings\converted_dxf\hwamok_0526\hwamok_0526.dxf,inserted,06-A31- 001~ 신관동 평면도$0$대변기,1D1F,ready
HS-CAD-XICAD,MATRIAL_MATRIAL,부위별단열설치계획표.dwg,C:\xicad\xiLib\심볼\HS-CAD-XICAD\MATRIAL_MATRIAL\부위별단열설치계획표.dwg,material,0.72,material/name,from_drawing_definition,generated\xicad_symbols_staging\all_drawings\converted_dxf\hwamok_0526\hwamok_0526.dxf,inserted,부위별단열설치계획표,1D47,ready
HS-CAD-XICAD,WINDOW_WIN,BRF_25.dwg,C:\xicad\xiLib\심볼\HS-CAD-XICAD\WINDOW_WIN\BRF_25.dwg,window_or_linear_symbol,0.56,long_rectilinear_geometry,from_drawing_definition,generated\xicad_symbols_staging\all_drawings\converted_dxf\hwamok_0526\hwamok_0526.dxf,inserted,BRF_25,1E9B,ready
HS-CAD-XICAD,WINDOW_WIN,ZW$840A.dwg,C:\xicad\xiLib\심볼\HS-CAD-XICAD\WINDOW_WIN\ZW$840A.dwg,window_or_linear_symbol,0.56,long_rectilinear_geometry,from_drawing_definition,generated\xicad_symbols_staging\all_drawings\converted_dxf\hwamok_0526\hwamok_0526.dxf,inserted,ZW$840A,1EA6,ready
HS-CAD-REVIEW,review_only,A$C032327CB.dwg,C:\xicad\xiLib\심볼\HS-CAD-REVIEW\review_only\A$C032327CB.dwg,review_only,0.3,anonymous_or_xref_name,from_drawing_definition,generated\xicad_symbols_staging\all_drawings\converted_dxf\hwamok_0526\hwamok_0526.dxf,inserted,A$C032327CB,1F4E,promote_manually_if_needed
HS-CAD-REVIEW,review_only,A$C043B7E4E.dwg,C:\xicad\xiLib\심볼\HS-CAD-REVIEW\review_only\A$C043B7E4E.dwg,review_only,0.3,anonymous_or_xref_name,from_drawing_definition,generated\xicad_symbols_staging\all_drawings\converted_dxf\hwamok_0526\hwamok_0526.dxf,inserted,A$C043B7E4E,1F92,promote_manually_if_needed
HS-CAD-REVIEW,review_only,A$C07FE4FCB.dwg,C:\xicad\xiLib\심볼\HS-CAD-REVIEW\review_only\A$C07FE4FCB.dwg,review_only,0.3,anonymous_or_xref_name,from_drawing_definition,generated\xicad_symbols_staging\all_drawings\converted_dxf\hwamok_0526\hwamok_0526.dxf,inserted,A$C07FE4FCB,1FAD,promote_manually_if_needed
HS-CAD-REVIEW,review_only,A$C0B0CC074.dwg,C:\xicad\xiLib\심볼\HS-CAD-REVIEW\review_only\A$C0B0CC074.dwg,review_only,0.3,anonymous_or_xref_name,from_drawing_definition,generated\xicad_symbols_staging\all_drawings\converted_dxf\hwamok_0526\hwamok_0526.dxf,inserted,A$C0B0CC074,1FB4,promote_manually_if_needed
HS-CAD-REVIEW,review_only,A$C1905086C.dwg,C:\xicad\xiLib\심볼\HS-CAD-REVIEW\review_only\A$C1905086C.dwg,review_only,0.3,anonymous_or_xref_name,from_drawing_definition,generated\xicad_symbols_staging\all_drawings\converted_dxf\hwamok_0526\hwamok_0526.dxf,inserted,A$C1905086C,1FD5,promote_manually_if_needed
HS-CAD-REVIEW,review_only,A$C27357E8E.dwg,C:\xicad\xiLib\심볼\HS-CAD-REVIEW\review_only\A$C27357E8E.dwg,review_only,0.3,anonymous_or_xref_name,from_drawing_definition,generated\xicad_symbols_staging\all_drawings\converted_dxf\hwamok_0526\hwamok_0526.dxf,inserted,A$C27357E8E,1FE0,promote_manually_if_needed
HS-CAD-REVIEW,review_only,A$C2BE44C31.dwg,C:\xicad\xiLib\심볼\HS-CAD-REVIEW\review_only\A$C2BE44C31.dwg,review_only,0.3,anonymous_or_xref_name,from_drawing_definition,generated\xicad_symbols_staging\all_drawings\converted_dxf\hwamok_0526\hwamok_0526.dxf,inserted,A$C2BE44C31,1FE8,promote_manually_if_needed
HS-CAD-REVIEW,review_only,A$C2D5752AA.dwg,C:\xicad\xiLib\심볼\HS-CAD-REVIEW\review_only\A$C2D5752AA.dwg,review_only,0.3,anonymous_or_xref_name,from_drawing_definition,generated\xicad_symbols_staging\all_drawings\converted_dxf\hwamok_0526\hwamok_0526.dxf,inserted,A$C2D5752AA,2009,promote_manually_if_needed
HS-CAD-REVIEW,review_only,A$C51837608.dwg,C:\xicad\xiLib\심볼\HS-CAD-REVIEW\review_only\A$C51837608.dwg,review_only,0.3,anonymous_or_xref_name,from_drawing_definition,generated\xicad_symbols_staging\all_drawings\converted_dxf\hwamok_0526\hwamok_0526.dxf,inserted,A$C51837608,203F,promote_manually_if_needed
HS-CAD-REVIEW,review_only,A$C60481E0E.dwg,C:\xicad\xiLib\심볼\HS-CAD-REVIEW\review_only\A$C60481E0E.dwg,review_only,0.3,anonymous_or_xref_name,from_drawing_definition,generated\xicad_symbols_staging\all_drawings\converted_dxf\hwamok_0526\hwamok_0526.dxf,inserted,A$C60481E0E,2045,promote_manually_if_needed
HS-CAD-REVIEW,review_only,A$C71E55132.dwg,C:\xicad\xiLib\심볼\HS-CAD-REVIEW\review_only\A$C71E55132.dwg,review_only,0.3,anonymous_or_xref_name,from_drawing_definition,generated\xicad_symbols_staging\all_drawings\converted_dxf\hwamok_0526\hwamok_0526.dxf,inserted,A$C71E55132,2079,promote_manually_if_needed
HS-CAD-REVIEW,review_only,A$C72A26C90.dwg,C:\xicad\xiLib\심볼\HS-CAD-REVIEW\review_only\A$C72A26C90.dwg,review_only,0.3,anonymous_or_xref_name,from_drawing_definition,generated\xicad_symbols_staging\all_drawings\converted_dxf\hwamok_0526\hwamok_0526.dxf,inserted,A$C72A26C90,20AC,promote_manually_if_needed
HS-CAD-REVIEW,review_only,A$C77CE0888.dwg,C:\xicad\xiLib\심볼\HS-CAD-REVIEW\review_only\A$C77CE0888.dwg,review_only,0.3,anonymous_or_xref_name,from_drawing_definition,generated\xicad_symbols_staging\all_drawings\converted_dxf\hwamok_0526\hwamok_0526.dxf,inserted,A$C77CE0888,20E4,promote_manually_if_needed
HS-CAD-REVIEW,review_only,A$CBC7E8936.dwg,C:\xicad\xiLib\심볼\HS-CAD-REVIEW\review_only\A$CBC7E8936.dwg,review_only,0.3,anonymous_or_xref_name,from_drawing_definition,generated\xicad_symbols_staging\all_drawings\converted_dxf\hwamok_0526\hwamok_0526.dxf,inserted,A$Cbc7e8936,20E9,promote_manually_if_needed
